ChEMBL_ID,Nama_Senyawa,Protein_Target,Affinity_Score,RMSD_Lower_Bound,RMSD_Upper_Bound
CHEMBL564249,Unnamed/No Pref Name,5T4B,-8.663,0.0,0.0
CHEMBL399121,HESPERETIN,5T4B,-8.528,0.0,0.0
CHEMBL374936,Unnamed/No Pref Name,5T4B,-8.491,0.0,0.0
CHEMBL2147777,TENELIGLIPTIN,5T4B,-8.415,0.0,0.0
CHEMBL2147775,Unnamed/No Pref Name,5T4B,-8.398,0.0,0.0
CHEMBL385517,SAXAGLIPTIN ANHYDROUS,5T4B,-8.392,0.0,0.0
CHEMBL227954,Unnamed/No Pref Name,5T4B,-8.357,0.0,0.0
CHEMBL1230044,Unnamed/No Pref Name,5T4B,-8.268,0.0,0.0
CHEMBL151,Request Error,5T4B,-8.237,0.0,0.0
CHEMBL2298396,Unnamed/No Pref Name,5T4B,-8.194,0.0,0.0
CHEMBL231994,Request Error,5T4B,-8.181,0.0,0.0
CHEMBL9352,NARINGENIN,5T4B,-8.138,0.0,0.0
CHEMBL1929396,Request Error,5T4B,-8.09,0.0,0.0
CHEMBL44,Request Error,5T4B,-8.078,0.0,0.0
CHEMBL28,APIGENIN,5T4B,-8.001,0.0,0.0
CHEMBL275638,FLAVONE,5T4B,-7.948,0.0,0.0
CHEMBL34062,Unnamed/No Pref Name,5T4B,-7.868,0.0,0.0
CHEMBL142703,VILDAGLIPTIN,5T4B,-7.865,0.0,0.0
CHEMBL376359,ALOGLIPTIN,5T4B,-7.549,0.0,0.0
CHEMBL1894963,Unnamed/No Pref Name,5T4B,-7.547,0.0,0.0
CHEMBL165,RESVERATROL,5T4B,-7.426,0.0,0.0
CHEMBL29292,UBENIMEX,5T4B,-7.248,0.0,0.0
CHEMBL308333,Request Error,5T4B,-7.222,0.0,0.0
CHEMBL272114,Unnamed/No Pref Name,5T4B,-7.036,0.0,0.0
CHEMBL1090,Request Error,5T4B,-6.683,0.0,0.0
CHEMBL504823,Unnamed/No Pref Name,5T4B,-6.166,0.0,0.0
CHEMBL16709,Unnamed/No Pref Name,5T4B,-5.2,0.0,0.0
