ChEMBL_ID,3G0B,5T4B,Average_Affinity
CHEMBL227954,-9.744,-8.357,-9.0505
CHEMBL374936,-9.454,-8.491,-8.9725
CHEMBL564249,-8.943,-8.663,-8.803
CHEMBL1230044,-9.069,-8.268,-8.668500000000002
CHEMBL2147777,-8.591,-8.415,-8.503
CHEMBL399121,-8.276,-8.528,-8.402000000000001
CHEMBL385517,-8.31,-8.392,-8.350999999999999
CHEMBL231994,-8.334,-8.181,-8.2575
CHEMBL2147775,-8.092,-8.398,-8.245000000000001
CHEMBL2298396,-8.255,-8.194,-8.2245
CHEMBL151,-8.081,-8.237,-8.158999999999999
CHEMBL1929396,-8.142,-8.09,-8.116
CHEMBL275638,-8.23,-7.948,-8.089
CHEMBL1894963,-8.481,-7.547,-8.014
CHEMBL9352,-7.873,-8.138,-8.0055
CHEMBL34062,-8.074,-7.868,-7.971
CHEMBL44,-7.848,-8.078,-7.962999999999999
CHEMBL142703,-8.016,-7.865,-7.9405
CHEMBL28,-7.812,-8.001,-7.906499999999999
CHEMBL29292,-7.718,-7.248,-7.4830000000000005
CHEMBL272114,-7.813,-7.036,-7.4245
CHEMBL165,-7.33,-7.426,-7.378
CHEMBL376359,-7.138,-7.549,-7.343500000000001
CHEMBL308333,-7.19,-7.222,-7.206
CHEMBL1090,-6.73,-6.683,-6.7065
CHEMBL504823,-6.072,-6.166,-6.119
CHEMBL16709,-5.977,-5.2,-5.5885
