Protein,ChEMBL_ID,Binding_Affinity_kcal_mol,RMSD_lb,RMSD_ub
3G0B,CHEMBL142703,-8.016,0.0,0.0
3G0B,CHEMBL16709,-5.977,0.0,0.0
3G0B,CHEMBL44,-7.848,0.0,0.0
3G0B,CHEMBL227954,-9.744,0.0,0.0
3G0B,CHEMBL2147777,-8.591,0.0,0.0
3G0B,CHEMBL1090,-6.73,0.0,0.0
3G0B,CHEMBL564249,-8.943,0.0,0.0
3G0B,CHEMBL231994,-8.334,0.0,0.0
3G0B,CHEMBL151,-8.081,0.0,0.0
3G0B,CHEMBL1929396,-8.142,0.0,0.0
3G0B,CHEMBL2147775,-8.092,0.0,0.0
3G0B,CHEMBL1894963,-8.481,0.0,0.0
3G0B,CHEMBL275638,-8.23,0.0,0.0
3G0B,CHEMBL272114,-7.813,0.0,0.0
3G0B,CHEMBL34062,-8.074,0.0,0.0
3G0B,CHEMBL29292,-7.718,0.0,0.0
3G0B,CHEMBL308333,-7.19,0.0,0.0
3G0B,CHEMBL165,-7.33,0.0,0.0
3G0B,CHEMBL374936,-9.454,0.0,0.0
3G0B,CHEMBL376359,-7.138,0.0,0.0
3G0B,CHEMBL28,-7.812,0.0,0.0
3G0B,CHEMBL2298396,-8.255,0.0,0.0
3G0B,CHEMBL385517,-8.31,0.0,0.0
3G0B,CHEMBL1230044,-9.069,0.0,0.0
3G0B,CHEMBL399121,-8.276,0.0,0.0
3G0B,CHEMBL9352,-7.873,0.0,0.0
3G0B,CHEMBL504823,-6.072,0.0,0.0
5T4B,CHEMBL142703,-7.865,0.0,0.0
5T4B,CHEMBL16709,-5.2,0.0,0.0
5T4B,CHEMBL44,-8.078,0.0,0.0
5T4B,CHEMBL227954,-8.357,0.0,0.0
5T4B,CHEMBL2147777,-8.415,0.0,0.0
5T4B,CHEMBL1090,-6.683,0.0,0.0
5T4B,CHEMBL564249,-8.663,0.0,0.0
5T4B,CHEMBL231994,-8.181,0.0,0.0
5T4B,CHEMBL151,-8.237,0.0,0.0
5T4B,CHEMBL1929396,-8.09,0.0,0.0
5T4B,CHEMBL2147775,-8.398,0.0,0.0
5T4B,CHEMBL1894963,-7.547,0.0,0.0
5T4B,CHEMBL275638,-7.948,0.0,0.0
5T4B,CHEMBL272114,-7.036,0.0,0.0
5T4B,CHEMBL34062,-7.868,0.0,0.0
5T4B,CHEMBL29292,-7.248,0.0,0.0
5T4B,CHEMBL308333,-7.222,0.0,0.0
5T4B,CHEMBL165,-7.426,0.0,0.0
5T4B,CHEMBL374936,-8.491,0.0,0.0
5T4B,CHEMBL376359,-7.549,0.0,0.0
5T4B,CHEMBL28,-8.001,0.0,0.0
5T4B,CHEMBL2298396,-8.194,0.0,0.0
5T4B,CHEMBL385517,-8.392,0.0,0.0
5T4B,CHEMBL1230044,-8.268,0.0,0.0
5T4B,CHEMBL399121,-8.528,0.0,0.0
5T4B,CHEMBL9352,-8.138,0.0,0.0
5T4B,CHEMBL504823,-6.166,0.0,0.0
