ChEMBL_ID,Binding_Affinity_kcal_mol,RMSD_lb,RMSD_ub
CHEMBL374936,-9.501,0.0,0.0
CHEMBL1230044,-9.08,0.0,0.0
CHEMBL564249,-9.012,0.0,0.0
CHEMBL2147777,-8.845,0.0,0.0
CHEMBL1894963,-8.422,0.0,0.0
CHEMBL231994,-8.364,0.0,0.0
CHEMBL385517,-8.356,0.0,0.0
CHEMBL2298396,-8.284,0.0,0.0
CHEMBL399121,-8.248,0.0,0.0
CHEMBL275638,-8.184,0.0,0.0
CHEMBL2147775,-8.09,0.0,0.0
CHEMBL151,-8.075,0.0,0.0
CHEMBL227954,-8.044,0.0,0.0
CHEMBL142703,-8.028,0.0,0.0
CHEMBL34062,-8.021,0.0,0.0
CHEMBL9352,-7.907,0.0,0.0
CHEMBL44,-7.904,0.0,0.0
CHEMBL272114,-7.866,0.0,0.0
CHEMBL28,-7.841,0.0,0.0
CHEMBL1929396,-7.771,0.0,0.0
CHEMBL29292,-7.741,0.0,0.0
CHEMBL376359,-7.729,0.0,0.0
CHEMBL165,-7.343,0.0,0.0
CHEMBL1090,-6.72,0.0,0.0
CHEMBL308333,-6.717,0.0,0.0
CHEMBL504823,-6.195,0.0,0.0
CHEMBL16709,-5.513,0.0,0.0
