ChEMBL_ID,Binding_Affinity_kcal_mol
CHEMBL227954,-9.682
CHEMBL374936,-9.339
CHEMBL1230044,-9.049
CHEMBL564249,-8.936
CHEMBL2147777,-8.65
CHEMBL2147775,-8.525
CHEMBL1894963,-8.438
CHEMBL231994,-8.353
CHEMBL385517,-8.347
CHEMBL399121,-8.297
CHEMBL2298396,-8.284
CHEMBL1929396,-8.187
CHEMBL275638,-8.173
CHEMBL142703,-8.168
CHEMBL151,-8.088
CHEMBL34062,-8.027
CHEMBL44,-7.9
CHEMBL9352,-7.874
CHEMBL272114,-7.854
CHEMBL28,-7.779
CHEMBL376359,-7.696
CHEMBL308333,-7.614
CHEMBL29292,-7.453
CHEMBL165,-7.325
CHEMBL1090,-6.729
CHEMBL16709,-5.964
CHEMBL504823,-5.814
