activity_id,molecule_chembl_id,standard_type,standard_relation,standard_value,standard_units,pchembl_value,target_chembl_id,target_pref_name,canonical_smiles,pIC50,MW,LogP,HBD,HBA,Lipinski_Violations
730496,CHEMBL34062,IC50,=,0.1,nM,10.0,CHEMBL284,Dipeptidyl peptidase 4,COc1cc(OC)cc(-c2nc(N)c(CN)c(-c3ccc(Cl)cc3Cl)n2)c1,10.0,405.285,4.175500000000001,2,6,0
1603735,CHEMBL195189,IC50,=,0.3,nM,9.52,CHEMBL284,Dipeptidyl peptidase 4,CC(C)[C@H](N)C(=O)N1CCC[C@@H]1B(O)O,9.522878745280336,214.074,-1.0272999999999988,3,4,0
12035240,CHEMBL2147777,IC50,=,0.37,nM,9.43,CHEMBL284,Dipeptidyl peptidase 4,Cc1cc(N2CCN([C@@H]3CN[C@H](C(=O)N4CCSC4)C3)CC2)n(-c2ccccc2)n1,9.431798275933003,426.5900000000002,1.5661200000000006,1,6,0
2690363,CHEMBL564249,IC50,=,0.38,nM,9.42,CHEMBL284,Dipeptidyl peptidase 4,CS(=O)(=O)c1cccc(C(=O)NC[C@@H]2CCCN2C(=O)C[C@H](N)Cc2cccc(Cl)c2)c1,9.42021640338319,478.01400000000024,2.424400000000001,2,5,0
18662268,CHEMBL165,IC50,=,0.6,nM,9.22,CHEMBL284,Dipeptidyl peptidase 4,Oc1ccc(/C=C/c2cc(O)cc(O)c2)cc1,9.221848749616356,228.247,2.9738000000000016,3,3,0
2697712,CHEMBL385517,IC50,=,3.0,nM,8.52,CHEMBL284,Dipeptidyl peptidase 4,N#C[C@@H]1C[C@@H]2C[C@@H]2N1C(=O)[C@@H](N)C12CC3CC(CC(O)(C3)C1)C2,8.522878745280337,315.4170000000001,1.157979999999999,2,4,0
24872437,CHEMBL1929396,IC50,=,3.3,nM,8.48,CHEMBL284,Dipeptidyl peptidase 4,Cc1cc2ncc(C(=O)NCC(C)(C)NCC(=O)N3CCC[C@H]3C#N)cn2n1,8.481486060122112,383.4560000000002,0.6503000000000008,2,6,0
850961,CHEMBL3084811,IC50,=,3.5,nM,8.46,CHEMBL284,Dipeptidyl peptidase 4,N#C[C@@H]1CCCN1C(=O)CN[C@]12C[C@@H]3C[C@@H](C[C@@](O)(C3)C1)C2,8.455931955649724,303.4060000000001,1.1742799999999989,2,4,0
12034813,CHEMBL2147775,IC50,=,6.3,nM,8.2,CHEMBL284,Dipeptidyl peptidase 4,Cc1cc(N2CCN([C@H]3CN[C@H](C(=O)N4CCSC4)C3)CC2)n(-c2ccccc2)n1,8.200659450546418,426.5900000000002,1.5661200000000006,1,6,0
2122453,CHEMBL272114,IC50,=,8.0,nM,8.1,CHEMBL284,Dipeptidyl peptidase 4,Cn1cnc2cc(C#N)c(-c3ccccc3Cl)c(CN)c21,8.096910013008056,296.7610000000001,3.2240800000000016,1,3,0
2713692,CHEMBL376359,IC50,<,10.0,nM,,CHEMBL284,Dipeptidyl peptidase 4,Cn1c(=O)cc(N2CCC[C@@H](N)C2)n(Cc2ccccc2C#N)c1=O,8.0,339.39900000000006,0.3944800000000006,1,5,0
1861947,CHEMBL227954,IC50,=,13.0,nM,7.89,CHEMBL284,Dipeptidyl peptidase 4,N#Cc1ccccc1Cn1c(N2CCC[C@@H](N)C2)nc2ccccc2c1=O,7.886056647693163,359.43300000000005,2.2439799999999996,1,5,0
29091128,CHEMBL1894963,IC50,=,15.66,nM,7.8,CHEMBL284,Dipeptidyl peptidase 4,Cn1c(=O)c2c(nc(N3CCOCC3)n2Cc2ccccc2)n(C)c1=O,7.805208242278075,355.398,0.3185999999999993,0,5,0
180579,CHEMBL63895,IC50,=,20.0,nM,7.7,CHEMBL284,Dipeptidyl peptidase 4,O=C([C@@H]1CCCN1)N1CCC[C@H]1B(O)O,7.698970004336019,212.058,-1.2585999999999988,3,4,0
2252407,CHEMBL504823,IC50,=,21.0,nM,7.68,CHEMBL284,Dipeptidyl peptidase 4,N[C@H]1CCCN([P@@](N)(=O)NS(=O)(=O)O)C1=O,7.67778070526608,272.22300000000007,-1.6046999999999991,4,5,0
18314053,CHEMBL4176189,IC50,=,22.0,nM,7.66,CHEMBL284,Dipeptidyl peptidase 4,CC(C)[C@H](N)C(=O)N1CCCC1B(O)O,7.657577319177793,214.074,-1.0272999999999988,3,4,0
12588810,CHEMBL2298396,IC50,=,23.0,nM,7.64,CHEMBL284,Dipeptidyl peptidase 4,N#C[C@@H]1C[C@@H]2C[C@@H]2N1C(=O)[C@@H](N)C12C[C@H]3C[C@@H](C1)C[C@](O)(C3)C2,7.638272163982407,315.4170000000001,1.157979999999999,2,4,0
15714350,CHEMBL4296719,IC50,=,23.0,nM,7.64,CHEMBL284,Dipeptidyl peptidase 4,O=C(CN[C@@H]1CCNC1)N1CCC[C@H]1B(O)O,7.638272163982407,241.1,-2.0590999999999973,4,5,0
168408,CHEMBL67279,IC50,=,26.0,nM,7.58,CHEMBL284,Dipeptidyl peptidase 4,CC(C)[C@H](N)C(=O)N1CCC[C@H]1B(O)O,7.585026652029182,214.074,-1.0272999999999988,3,4,0
325933,CHEMBL142703,IC50,=,34.0,nM,7.47,CHEMBL284,Dipeptidyl peptidase 4,N#C[C@@H]1CCCN1C(=O)CNC12CC3CC(CC(O)(C3)C1)C2,7.468521082957745,303.4060000000001,1.1742799999999989,2,4,0
2994443,CHEMBL1090,IC50,=,62.0,nM,7.21,CHEMBL284,Dipeptidyl peptidase 4,Nc1ncnc2c1ncn2[C@@H]1O[C@H](CO)[C@@H](O)[C@@H]1O,7.207608310501747,267.245,-1.9800000000000009,4,8,0
12588807,CHEMBL1230044,IC50,=,65.0,nM,7.19,CHEMBL284,Dipeptidyl peptidase 4,N[C@H]1CN(C(=O)c2cnc3ccccc3n2)C[C@H]1C(=O)N1CCCC1,7.187086643357144,339.39900000000017,0.6514999999999989,1,5,0
1158308,CHEMBL308333,IC50,>,100.0,ug.mL-1,,CHEMBL284,Dipeptidyl peptidase 4,CCCCC[C@H](CC(=O)NO)C(=O)N[C@H](C(=O)N1CCC[C@H]1CO)C(C)C,7.0,385.5050000000002,1.2025000000000012,4,5,0
499995,CHEMBL29292,IC50,>,100.0,ug.mL-1,,CHEMBL284,Dipeptidyl peptidase 4,CC(C)C[C@H](NC(=O)[C@@H](O)[C@H](N)Cc1ccccc1)C(=O)O,7.0,308.37800000000004,0.5328000000000004,4,4,0
18662276,CHEMBL151,IC50,=,120.0,nM,6.92,CHEMBL284,Dipeptidyl peptidase 4,O=c1cc(-c2ccc(O)c(O)c2)oc2cc(O)cc(O)c12,6.920818753952375,286.23900000000003,2.2824000000000004,4,6,0
1793260,CHEMBL374936,IC50,=,122.0,nM,6.91,CHEMBL284,Dipeptidyl peptidase 4,C[C@H](c1nc(-c2ccc(S(C)(=O)=O)cc2)no1)[C@H](N)C(=O)N1CCCC1,6.913640169325252,378.45400000000024,1.1933,1,7,0
18662275,CHEMBL28,IC50,=,140.0,nM,6.85,CHEMBL284,Dipeptidyl peptidase 4,O=c1cc(-c2ccc(O)cc2)oc2cc(O)cc(O)c12,6.853871964321762,270.24,2.576800000000001,3,5,0
18662273,CHEMBL275638,IC50,=,170.0,nM,6.77,CHEMBL284,Dipeptidyl peptidase 4,O=c1cc(-c2ccccc2)oc2ccccc12,6.769551078621726,222.243,3.4600000000000017,0,2,0
18662271,CHEMBL9352,IC50,=,240.0,nM,6.62,CHEMBL284,Dipeptidyl peptidase 4,O=C1C[C@@H](c2ccc(O)cc2)Oc2cc(O)cc(O)c21,6.619788758288394,272.25600000000003,2.509900000000002,3,5,0
18662272,CHEMBL399121,IC50,=,280.0,nM,6.55,CHEMBL284,Dipeptidyl peptidase 4,COc1ccc([C@@H]2CC(=O)c3c(O)cc(O)cc3O2)cc1O,6.552841968657781,302.28200000000004,2.518500000000001,3,6,0
18662269,CHEMBL44,IC50,=,480.0,nM,6.32,CHEMBL284,Dipeptidyl peptidase 4,O=c1c(-c2ccc(O)cc2)coc2cc(O)cc(O)c12,6.318758762624412,270.24,2.576800000000001,3,5,0
17701080,CHEMBL16709,IC50,=,548.0,nM,6.26,CHEMBL284,Dipeptidyl peptidase 4,CC(C)C(N)C(=O)N1CCCC1,6.261219441515631,170.25599999999994,0.5920999999999998,1,2,0
1963704,CHEMBL231994,IC50,=,600.0,nM,6.22,CHEMBL284,Dipeptidyl peptidase 4,COc1ccc(N2CCC(N)C(c3cccc(C)c3)C2)cc1OC,6.221848749616356,326.4400000000001,3.333420000000002,1,4,0
